Secure,2,1
id,Text
!enum:eKey,!string
SignatureHash,1C68274C
illegalApp,2,165
Text,id
!string,!int
lyout.fire.kk,0
dodo.spo.kkkk,1
ggma.skdml.djflsdo,2
lg.min.cris,3
na2g1e.aqua.qq,4
n2a0ge.aqua.qq,5
na1g9e.aqua.qq,6
doll.coll.aoll,7
cris2.jeong2.samsung2,8
maozhu3.aqua.gg,9
sinnanahiihi.code.all,10
qkd.rhkd.wnl,11
mcksie.aqua.gg,12
m.b.c5,13
maozhu7.aque.gg,14
yjy.aqua.gg,15
love88.love.qq,16
hp20121118.aqua.qq,17
ab20121208.aqua.qq,18
hp20121206.aqua.qq,19
xy20121127.aqua.qq,20
sa30121125.aqua.qq,21
love.for.you,22
qorehf01.dnrpa730.Wkd19,23
nagne5.aqua.qq,24
nagne4.aqua.qq,25
nagne3.aqua.qq,26
n1a7ge.aqua.qq,27
na12gne.aqua.qq,28
n11agne.aqua.qq,29
nagne10.aqua.qq,30
nagn9e.aqua.qq,31
nag8ne.aqua.qq,32
na7gne.aqua.qq,33
n6agne.aqua.qq,34
gor47.zet.zizp,35
nagne.aqua.qq,36
wmr05237w.ffree2.gg,37
cc.cz.madkite.freedom,38
tiger20121110.aqua.gg,39
rmeodu.skdml.djflsdo,40
cris.jeong.samsung,41
bc20121129.aqua.qq,42
sub.love.in,43
nagn14e.aqua.qq,44
eun.jung.jjang,45
love.cris.jeong,46
present.for.u,47
kirino.oreimo.guardian,48
lf.cafe.forum,49
sksms.wkdus.dlsdlek,50
tree.cross.lott,51
mr.sai.stuff,52
mr.big.stuff,53
wmr05237.free2.gg,54
wmr05237.free.gg,55
devv.codee.alll,56
ss20121122.aqua.qq,57
feel.aqua.gg,58
sjfmfgi.code.all,59
sinnayooyo.code.all,60
arc12.sjw.arc,61
duly.make.cheat,62
qkd2.rhkd2.wnl2,63
maozhu4.aqub.gg,64
tqtweqr.aqua.gg,65
sinnandagolyo.code.all,66
stroydc.code.all,67
lIlI11lllIIllIII.code.all,68
mbc.g.j,69
asc2rf12ss.code.all,70
DPCross.code.all,71
stzortws03ab.aqua.gg,72
sgk.aqua.gg,73
sinna.code.all,74
test.aqua.gg,75
stzortws01.aqua.gg,76
stzortws02a.aqua.gg,77
ckdssa.code.all,78
park.geon.ju,79
dev.code.all,80
alen.aqua.gg,81
kkarz12.aqua.gg,82
jhuytgg1233.aqua.gg,83
star1764.aqua.gg,84
rhr.aqua.gg,85
gamebil.fuck.you,86
you.so.good,87
hi.you.sexy,88
vs20121111.aqua.gg,89
ss20121112.aqua.gg,90
xy20121113.aqua.gg,91
com.google.android.gg,92
cat03apk.aqua.gg,93
cat04moapk.aqua.gg,94
cat051apmok.aqua.gg,95
mommom.pusan.korea,96
Brownie0.aqua.gg,97
bro.wnie.all,98
brom.wniem.all,99
sddwer12338.aqua.gg,100
bc20121105.aqua.gg,101
cbb20121105.aqua.gg,102
xyz20121106.aqua.gg,103
ace20121107.aqua.gg,104
bp1108.fuq.gg,105
com.duly.game_cih,106
cn.mc.aaa,107
koalra.aqua.gg,108
kimjjhh.ss.dd,109
zab211.aqua.gg,110
wjrhfl.aqua.gg,111
tw3k1as.aqua.gg,112
zaa111.aqua.gg,113
abc20121103.aqua.gg,114
c20121103.aqua.gg,115
jhkkgk1233.aqua.gg,116
gamewhot.aqua.gg,117
soulk.ss.dd,118
a20121102.aqua.gg,119
gamevil.aqua.gg,120
soul.ss.dd,121
distro.aqua.gg,122
cn.maocai.gameki11er,123
An.dro.meda,124
A1.aqua.gg,125
S020121031.aqua.gg,126
aa.ss.dd,127
S0.aqua.gg,128
so.aqua.gg,129
co.kr.fuckingdetect,130
mon.blue.warcat320,131
com.android.xxx,132
org.aqua.gg,133
cn.mc.sq,134
com.android.ggjb,135
mon.blue.warcat340,136
mon.blue.warcat521,137
mon.blue.warcat520,138
mon.blue.warcat510,139
mon.blue.warcat500,140
mon.blue.warcat400,141
mon.blue.warcat331,142
mon.blue.warcat310,143
mon.blue.warcat203,144
mon.blue.warcat332,145
com.google.android.xyz,146
idv.aqua.bulldog,147
com.google.android.kkk,148
com.cih.game_cih,149
com.cih.gamecih,150
cn.maocai.gamekiller,151
cn.luomao.gamekiller,152
cn.maocai.game,153
com.cih.gamecih2,154
com.cih.game,155
idv.aqua.bull,156
kakao.cafe.coffee,157
com.formyhm.hideroot,158
sky.aqua.gg,159
wo1al3djqt5ek7.ekdjqt.alw,160
rme.odu.skdml.djflsdo,161
regular.aqua.gg,162
idv.aqua.buppdog,163
com.bluestacks.home,164
